purchase_id,user_id,amount,timestamp
1,4371,46.69,2025-02-22
2,4371,39.95,2025-02-22
3,4371,30.75,2025-02-16
4,4371,15.89,2025-02-16
5,1728,40.12,2025-01-04
6,1728,37.54,2025-01-07
7,1728,25.75,2025-01-10
8,1728,43.76,2025-01-12
9,1728,9.93,2025-01-05
10,1895,28.99,2025-01-22
11,1895,21.23,2025-01-22
12,1895,11.92,2025-01-20
13,1895,9.67,2025-01-16
14,1895,30.41,2025-01-19
15,5690,23.85,2025-01-20
16,3821,16.55,2025-03-12
17,3821,16.22,2025-03-11
18,3821,28.49,2025-03-12
19,3821,12.74,2025-03-10
20,3821,13.42,2025-03-16
21,2169,9.1,2025-02-05
22,3203,14.97,2025-02-12
23,3203,32.83,2025-02-10
24,3203,49.49,2025-02-13
25,2716,7.57,2025-02-06
26,2716,18.67,2025-02-08
27,4260,17.57,2025-02-19
28,4260,14.66,2025-02-22
29,4260,21.59,2025-02-16
30,4260,16.14,2025-02-23
31,4260,32.04,2025-02-14
32,3523,12.52,2025-01-28
33,1052,14.28,2025-03-23
34,1052,27.78,2025-03-21
35,1052,7.1,2025-03-30
36,2379,14.34,2025-02-16
37,2379,32.44,2025-02-16
38,2379,11.89,2025-02-14
39,2379,12.58,2025-02-13
40,5028,29.91,2025-02-01
41,5028,9.46,2025-02-04
42,5028,37.02,2025-02-01
43,1012,9.11,2025-01-09
44,1012,6.49,2025-01-11
45,1012,24.04,2025-01-06
46,1012,11.06,2025-01-06
47,1793,33.07,2025-02-18
48,1793,16.88,2025-02-16
49,1793,41.23,2025-02-18
50,1793,31.17,2025-02-26
51,1572,5.45,2025-02-14
52,4422,45.63,2025-03-02
53,4422,6.8,2025-03-01
54,5300,36.87,2025-01-09
55,5300,30.95,2025-01-07
56,5300,20.42,2025-01-13
57,5300,41.66,2025-01-08
58,5300,46.85,2025-01-17
59,4414,38.96,2025-01-23
60,4414,8.84,2025-01-24
61,3362,40.03,2025-02-03
62,3362,47.96,2025-02-03
63,3362,28.02,2025-02-04
64,3362,42.92,2025-02-08
65,3362,11.7,2025-02-04
66,4530,44.82,2025-01-21
67,4530,16.74,2025-01-14
68,4530,9.41,2025-01-19
69,4530,28.08,2025-01-12
70,2397,28.08,2025-02-08
71,2397,41.59,2025-01-29
72,2397,28.13,2025-01-30
73,2445,44.54,2025-03-06
74,4069,2.05,2025-03-08
75,4069,3.14,2025-03-09
76,4069,20.49,2025-03-12
77,4069,33.45,2025-03-11
78,2526,20.46,2025-02-04
79,2526,25.6,2025-01-26
80,2100,6.87,2025-03-23
81,2622,5.65,2025-01-25
82,2622,7.67,2025-01-25
83,2622,44.98,2025-01-21
84,4985,10.54,2025-01-20
85,4985,18.06,2025-01-26
86,4985,34.6,2025-01-20
87,4985,44.86,2025-01-20
88,4985,16.47,2025-01-28
89,2490,44.01,2025-01-15
90,2490,45.97,2025-01-14
91,2490,19.71,2025-01-20
92,5117,39.86,2025-02-10
93,5117,39.32,2025-02-11
94,5117,17.36,2025-02-11
95,1903,36.61,2025-03-05
96,1903,41.09,2025-03-05
97,1903,29.73,2025-02-27
98,1903,8.93,2025-03-02
99,4691,10.72,2025-01-10
100,4691,18.92,2025-01-14
101,4691,22.33,2025-01-15
102,5645,40.08,2025-03-29
103,5645,8.62,2025-03-25
104,5645,46.23,2025-03-30
105,5645,22.09,2025-03-26
106,2741,27.61,2025-03-07
107,2741,27.73,2025-03-07
108,2741,20.45,2025-03-02
109,2741,36.31,2025-03-08
110,2520,39.27,2025-01-31
111,2520,35.74,2025-01-25
112,2520,19.35,2025-01-25
113,2520,49.7,2025-01-25
114,2520,19.39,2025-01-22
115,2646,46.19,2025-01-26
116,2646,45.74,2025-01-24
117,2646,42.73,2025-01-29
118,2646,16.14,2025-01-26
119,1483,48.64,2025-02-26
120,1483,13.63,2025-02-24
121,2496,37.85,2025-02-23
122,2496,48.17,2025-02-24
123,2571,37.18,2025-01-16
124,2571,19.83,2025-01-16
125,3124,29.91,2025-03-16
126,4348,43.77,2025-03-01
127,4348,9.04,2025-02-20
128,4348,5.78,2025-02-22
129,4348,2.59,2025-02-21
130,4610,38.73,2025-02-07
131,4610,37.68,2025-02-12
132,4610,35.52,2025-02-13
133,4610,24.56,2025-02-09
134,1894,39.5,2025-03-05
135,1894,15.75,2025-02-26
136,1894,4.87,2025-02-28
137,2360,38.04,2025-01-18
138,1653,2.51,2025-02-03
139,1653,34.63,2025-02-07
140,1653,28.59,2025-02-08
141,1653,46.11,2025-02-05
142,1653,16.68,2025-02-09
143,3401,46.7,2025-03-18
144,3401,48.7,2025-03-16
145,1702,48.93,2025-03-03
146,1702,37.66,2025-02-27
147,1702,31.7,2025-03-03
148,1702,20.82,2025-02-28
149,1702,31.03,2025-03-05
150,4094,24.91,2025-03-22
151,2021,9.9,2025-02-20
152,2021,33.03,2025-02-19
153,2021,14.95,2025-02-17
154,2021,5.72,2025-02-15
155,3267,3.34,2025-02-09
156,3267,9.8,2025-02-08
157,3267,5.13,2025-02-05
158,3267,2.52,2025-02-13
159,3267,11.0,2025-02-08
160,1526,46.59,2025-02-04
161,1526,14.91,2025-01-28
162,3802,4.14,2025-03-03
163,3802,4.18,2025-03-01
164,3802,6.46,2025-02-27
165,3802,2.4,2025-02-26
166,3802,38.07,2025-02-27
167,1243,11.34,2025-01-26
168,1243,36.82,2025-01-24
169,1243,35.72,2025-01-20
170,1243,17.89,2025-01-19
171,5797,26.09,2025-01-21
172,5797,3.13,2025-01-22
173,5797,24.88,2025-01-26
174,5797,15.92,2025-01-20
175,5797,34.74,2025-01-22
176,2923,6.47,2025-02-13
177,4914,40.75,2025-03-24
178,4914,8.75,2025-03-31
179,4974,26.77,2025-03-02
180,4974,33.26,2025-03-03
181,1825,39.69,2025-01-14
182,1825,15.95,2025-01-12
183,1825,43.08,2025-01-16
184,1077,44.74,2025-01-21
185,1077,20.6,2025-01-31
186,1077,49.85,2025-01-24
187,1077,5.59,2025-01-30
188,1500,32.12,2025-03-07
189,1500,6.67,2025-03-05
190,3179,38.77,2025-03-24
191,1059,43.63,2025-02-15
192,1059,25.94,2025-02-08
193,1059,17.05,2025-02-14
194,5771,5.26,2025-03-03
195,5771,19.43,2025-03-10
196,5771,5.4,2025-03-02
197,1342,49.32,2025-03-15
198,1342,38.62,2025-03-15
199,1342,33.2,2025-03-18
200,1342,47.1,2025-03-13
201,2729,3.89,2025-02-05
202,2729,21.24,2025-02-02
203,2729,46.01,2025-02-07
204,2729,23.15,2025-01-31
205,2729,42.54,2025-02-06
206,5278,6.0,2025-03-10
207,5278,26.28,2025-03-11
208,5278,44.11,2025-03-09
209,4077,48.91,2025-01-20
210,5939,35.58,2025-03-06
211,5260,9.41,2025-03-21
212,5260,15.94,2025-03-22
213,5260,29.36,2025-03-23
214,5260,12.7,2025-03-22
215,5260,34.11,2025-03-28
216,3177,24.48,2025-03-23
217,3177,45.2,2025-03-24
218,3177,7.23,2025-03-23
219,4980,46.03,2025-01-22
220,4980,38.86,2025-01-27
221,4876,17.77,2025-02-14
222,4876,18.43,2025-02-13
223,3760,12.2,2025-02-18
224,3760,7.48,2025-02-18
225,3760,3.83,2025-02-18
226,3760,47.52,2025-02-13
227,3760,32.72,2025-02-13
228,5951,3.49,2025-01-27
229,5951,39.15,2025-01-27
230,5951,46.94,2025-01-18
231,4518,48.96,2025-03-07
232,4518,4.59,2025-03-04
233,4518,47.72,2025-03-01
234,3757,14.09,2025-03-24
235,3757,6.0,2025-03-22
236,3757,15.14,2025-03-21
237,3757,16.31,2025-03-21
238,4037,27.18,2025-01-30
239,4037,44.86,2025-02-03
240,4037,41.86,2025-01-26
241,4037,44.95,2025-01-25
242,3810,48.23,2025-03-23
243,3810,9.89,2025-03-22
244,3810,47.2,2025-03-23
245,3810,24.81,2025-03-25
246,3582,19.02,2025-01-22
247,3582,20.67,2025-01-25
248,2962,39.58,2025-03-28
249,3959,5.72,2025-03-11
250,3959,29.76,2025-03-18
251,3959,17.53,2025-03-10
252,3959,2.67,2025-03-13
253,3959,46.81,2025-03-15
254,4264,7.44,2025-02-27
255,4264,21.5,2025-03-04
256,4264,36.66,2025-03-02
257,4264,47.27,2025-03-01
258,4100,23.56,2025-01-16
259,4100,6.67,2025-01-15
260,1468,22.16,2025-02-15
261,1468,39.16,2025-02-20
262,3916,12.36,2025-01-17
263,3916,47.7,2025-01-14
264,3916,29.68,2025-01-21
265,3916,19.76,2025-01-11
266,3916,2.77,2025-01-16
267,3705,41.3,2025-03-20
268,3705,35.56,2025-03-13
269,3705,49.94,2025-03-22
270,1820,18.87,2025-02-27
271,1820,22.43,2025-03-01
272,1820,7.43,2025-02-26
273,1820,24.01,2025-02-23
274,1025,28.52,2025-03-19
275,1025,28.04,2025-03-19
276,1025,15.67,2025-03-23
277,4743,15.59,2025-02-01
278,4743,47.01,2025-01-31
279,4743,49.77,2025-01-23
280,4743,6.29,2025-01-23
281,4291,46.75,2025-03-28
282,2137,37.99,2025-01-10
283,1210,6.78,2025-01-18
284,1210,26.15,2025-01-17
285,1210,34.04,2025-01-10
286,1210,12.16,2025-01-16
287,1210,28.47,2025-01-17
288,5930,43.09,2025-02-19
289,2006,48.44,2025-02-10
290,5346,45.57,2025-03-26
291,5346,35.77,2025-03-30
292,5346,2.36,2025-03-26
293,5346,39.54,2025-03-25
294,3289,14.84,2025-03-06
295,3289,14.69,2025-03-12
296,3289,34.31,2025-03-08
297,3289,45.2,2025-03-02
298,3289,3.56,2025-03-08
299,3036,39.93,2025-03-05
300,4018,17.23,2025-03-29
301,4018,48.03,2025-03-22
302,4018,13.6,2025-03-26
303,4018,11.24,2025-03-26
304,4018,20.87,2025-03-30
305,4702,22.59,2025-03-26
306,4892,21.34,2025-01-19
307,4892,26.82,2025-01-22
308,4892,13.08,2025-01-23
309,4892,26.19,2025-01-19
310,5218,42.46,2025-01-23
311,5218,45.99,2025-01-27
312,5218,9.62,2025-01-25
313,5218,11.77,2025-01-22
314,5218,3.22,2025-01-18
315,4384,38.95,2025-03-19
316,2539,31.66,2025-01-23
317,2539,46.18,2025-01-31
318,3639,20.35,2025-03-13
319,1136,32.44,2025-02-14
320,1136,10.94,2025-02-12
321,3950,11.29,2025-02-27
322,3950,36.85,2025-02-26
323,1374,33.63,2025-02-07
324,1374,5.97,2025-02-07
325,1374,32.11,2025-02-05
326,1374,49.26,2025-02-13
327,3666,24.03,2025-03-11
328,4639,7.13,2025-03-03
329,4639,14.57,2025-03-06
330,4639,6.44,2025-03-04
331,4639,42.53,2025-03-09
332,4639,20.75,2025-03-05
333,2913,21.85,2025-02-01
334,2913,48.03,2025-02-08
335,2913,12.08,2025-02-02
336,2913,20.0,2025-02-07
337,5970,45.59,2025-03-29
338,5970,10.62,2025-03-21
339,5970,45.36,2025-03-19
340,4969,31.11,2025-03-29
341,4969,7.62,2025-03-19
342,4969,49.69,2025-03-24
343,4969,49.75,2025-03-26
344,4969,28.22,2025-03-28
345,4278,37.59,2025-02-09
346,4278,11.25,2025-02-02
347,1666,3.1,2025-02-25
348,3853,12.37,2025-02-14
349,3853,7.5,2025-02-17
350,3853,3.41,2025-02-15
351,3853,12.54,2025-02-14
352,3853,14.83,2025-02-14
353,4505,47.75,2025-02-13
354,4505,35.98,2025-02-15
355,4505,16.12,2025-02-20
356,4505,22.92,2025-02-17
357,4900,13.99,2025-03-21
358,4900,34.97,2025-03-21
359,4900,48.16,2025-03-22
360,4900,30.01,2025-03-19
361,1822,9.94,2025-01-14
362,1822,47.77,2025-01-13
363,1822,22.8,2025-01-17
364,1822,22.33,2025-01-17
365,1822,41.15,2025-01-14
366,4152,31.14,2025-02-21
367,4152,11.58,2025-02-26
368,4152,19.94,2025-02-25
369,4152,41.32,2025-03-02
370,4152,10.02,2025-02-27
371,3407,14.14,2025-01-30
372,5973,30.98,2025-01-26
373,5973,47.61,2025-02-01
374,5973,18.9,2025-01-30
375,5973,7.49,2025-01-22
376,2598,39.95,2025-03-04
377,2598,13.77,2025-03-03
378,2598,33.52,2025-03-01
379,2172,39.41,2025-02-18
380,2172,2.45,2025-02-17
381,2172,36.4,2025-02-16
382,5684,29.23,2025-01-17
383,5684,45.13,2025-01-15
384,5133,20.5,2025-01-26
385,5133,12.17,2025-02-03
386,5133,6.93,2025-01-28
387,5133,36.37,2025-01-29
388,5133,5.58,2025-02-04
389,1260,38.29,2025-03-14
390,1260,41.03,2025-03-09
391,1260,11.45,2025-03-07
392,1260,25.93,2025-03-11
393,2047,7.71,2025-03-04
394,2047,10.2,2025-03-05
395,2047,30.37,2025-03-03
396,5079,3.01,2025-01-17
397,5079,32.89,2025-01-08
398,1713,45.75,2025-03-01
399,1713,8.28,2025-03-05
400,1713,3.77,2025-03-07
401,1713,46.06,2025-03-09
402,1713,18.18,2025-03-01
403,3468,24.54,2025-02-09
404,5495,15.17,2025-02-09
405,5495,21.21,2025-02-10
406,5495,39.17,2025-02-13
407,5495,31.38,2025-02-12
408,4824,35.42,2025-03-22
409,4824,25.67,2025-03-25
410,4824,48.41,2025-03-28
411,4824,42.46,2025-03-19
412,2376,3.4,2025-02-16
413,2376,41.61,2025-02-15
414,2376,7.04,2025-02-17
415,2376,43.34,2025-02-20
416,2376,12.85,2025-02-21
417,4655,36.75,2025-01-26
418,1947,49.49,2025-02-10
419,1947,14.46,2025-02-02
420,1947,7.31,2025-02-02
421,4949,14.65,2025-02-13
422,4949,39.99,2025-02-21
423,4949,14.95,2025-02-18
424,5429,30.0,2025-03-15
425,5429,8.05,2025-03-14
426,2973,44.6,2025-01-26
427,2973,32.56,2025-01-23
428,2993,27.31,2025-01-29
429,2733,33.73,2025-02-19
430,2733,17.44,2025-02-16
431,2733,12.83,2025-02-19
432,2733,38.77,2025-02-16
433,2733,18.93,2025-02-13
434,2396,33.05,2025-03-25
435,2396,35.35,2025-03-18
436,1732,4.88,2025-03-11
437,1864,12.36,2025-03-04
438,4562,25.4,2025-01-29
439,4562,12.01,2025-01-31
440,4562,38.55,2025-02-04
441,4562,43.2,2025-02-03
442,1239,33.44,2025-02-01
443,1239,7.06,2025-02-02
444,1239,12.49,2025-01-27
445,2312,48.79,2025-01-10
446,2312,26.64,2025-01-13
447,2312,11.01,2025-01-10
448,3674,9.87,2025-02-12
449,3674,47.66,2025-02-10
450,3674,33.11,2025-02-15
451,4141,44.05,2025-01-20
452,4141,13.54,2025-01-14
453,3296,14.79,2025-01-14
454,3296,33.76,2025-01-19
455,3296,18.88,2025-01-19
456,3296,46.48,2025-01-13
457,2805,22.7,2025-01-19
458,3110,26.1,2025-02-22
459,3110,18.01,2025-02-24
460,4901,19.74,2025-02-07
461,4901,33.12,2025-02-03
462,4901,11.3,2025-02-09
463,4901,21.32,2025-02-06
464,2008,27.41,2025-02-17
465,2008,26.88,2025-02-20
466,2008,34.69,2025-02-14
467,2008,13.94,2025-02-23
468,2008,12.53,2025-02-14
469,2112,29.6,2025-01-02
470,5378,27.53,2025-01-22
471,5378,12.86,2025-01-25
472,5030,20.8,2025-02-10
473,5030,12.54,2025-02-05
474,5030,25.76,2025-02-08
475,5030,39.7,2025-02-06
476,5030,32.56,2025-02-09
477,1740,37.22,2025-03-17
478,1740,10.87,2025-03-14
479,1740,24.87,2025-03-22
480,1740,42.91,2025-03-17
481,1740,10.16,2025-03-16
482,3726,10.98,2025-03-13
483,2833,48.18,2025-02-04
484,2833,24.77,2025-02-12
485,2833,2.99,2025-02-07
486,2833,44.29,2025-02-06
487,5718,38.48,2025-03-16
488,5718,30.5,2025-03-06
489,5920,2.04,2025-03-07
490,5920,24.67,2025-03-01
491,5920,41.3,2025-02-26
492,5920,34.63,2025-03-07
493,1529,27.2,2025-02-24
494,1529,38.23,2025-02-23
495,1529,6.79,2025-02-22
496,3811,25.54,2025-02-18
497,3811,49.5,2025-02-16
498,3811,33.83,2025-02-15
499,4088,24.01,2025-03-05
500,4088,16.44,2025-03-05
501,4088,44.78,2025-03-05
502,4126,7.4,2025-02-03
503,4126,26.92,2025-02-06
504,4126,2.98,2025-02-06
505,4126,43.09,2025-02-02
506,4126,49.71,2025-02-06
507,5603,3.47,2025-01-27
508,5603,37.56,2025-01-29
509,5603,19.24,2025-01-26
510,4579,46.18,2025-01-09
511,2911,7.17,2025-02-20
512,2911,44.09,2025-02-14
513,2911,28.15,2025-02-20
514,2911,49.38,2025-02-17
515,2831,14.72,2025-03-13
516,2831,18.73,2025-03-21
517,2831,20.76,2025-03-16
518,2831,47.36,2025-03-17
519,2831,16.84,2025-03-15
520,3122,26.95,2025-01-19
521,3383,7.89,2025-03-28
522,3383,29.19,2025-03-26
523,3383,15.83,2025-03-24
524,1718,46.5,2025-02-08
525,1912,34.67,2025-01-19
526,1912,48.39,2025-01-20
527,1730,33.88,2025-02-19
528,1730,25.36,2025-02-15
529,1730,40.38,2025-02-12
530,1730,23.78,2025-02-11
531,1730,15.57,2025-02-14
532,3787,4.54,2025-01-13
533,3787,2.23,2025-01-16
534,3787,33.68,2025-01-17
535,3787,4.39,2025-01-12
536,3787,18.8,2025-01-14
537,5851,33.93,2025-03-25
538,5851,9.43,2025-03-25
539,5851,36.22,2025-03-18
540,2541,22.73,2025-03-08
541,2541,15.95,2025-03-06
542,1951,46.77,2025-03-14
543,5692,32.57,2025-01-17
544,5692,21.15,2025-01-13
545,4012,46.16,2025-02-07
546,2043,10.31,2025-03-10
547,2043,34.58,2025-03-12
548,2043,40.6,2025-03-11
549,2043,34.79,2025-03-08
550,2043,13.99,2025-03-09
551,3567,11.57,2025-03-27
552,3567,6.1,2025-03-23
553,3567,46.49,2025-03-28
554,3567,28.19,2025-03-26
555,4114,6.6,2025-01-22
556,4114,23.2,2025-01-24
557,4114,26.17,2025-01-21
558,4114,36.19,2025-01-26
559,5726,22.52,2025-02-23
560,5726,48.14,2025-02-24
561,5726,3.32,2025-02-25
562,5726,3.26,2025-02-26
563,1013,38.27,2025-01-13
564,1013,45.52,2025-01-21
565,1013,29.85,2025-01-15
566,1013,8.1,2025-01-17
567,3546,44.12,2025-01-17
568,3546,38.25,2025-01-08
569,3546,8.03,2025-01-14
570,3546,2.28,2025-01-18
571,3546,24.08,2025-01-16
572,1506,4.62,2025-02-07
573,5833,30.52,2025-03-11
574,5387,25.1,2025-02-21
575,5387,43.48,2025-02-17
576,5387,37.53,2025-02-13
577,2555,35.67,2025-02-26
578,2555,8.91,2025-03-06
579,2555,8.54,2025-03-05
580,2555,32.69,2025-03-08
581,2555,16.43,2025-02-28
582,4179,40.66,2025-01-28
583,4179,35.0,2025-02-06
584,4179,5.21,2025-01-29
585,4470,44.23,2025-02-18
586,4470,6.64,2025-02-17
587,3618,24.73,2025-02-24
588,3618,23.29,2025-03-03
589,3990,16.39,2025-02-21
590,2034,41.36,2025-01-08
591,2034,14.48,2025-01-14
592,2034,34.69,2025-01-15
593,2034,31.61,2025-01-16
594,5257,32.53,2025-02-25
595,5257,8.79,2025-02-25
596,5257,13.54,2025-03-05
597,5257,37.59,2025-03-03
598,5928,24.85,2025-01-27
599,5928,15.88,2025-01-28
600,5928,48.03,2025-01-25
601,5928,19.62,2025-01-31
602,5928,20.77,2025-01-28
603,5839,22.0,2025-03-24
604,2819,3.33,2025-01-11
605,2819,7.76,2025-01-16
606,2819,2.52,2025-01-15
607,2819,3.63,2025-01-13
608,1873,4.04,2025-03-07
609,1873,48.2,2025-03-05
610,1873,44.35,2025-03-07
611,1873,15.28,2025-03-07
612,1873,19.16,2025-03-02
613,4238,18.73,2025-01-20
614,4238,20.74,2025-01-25
615,4238,10.37,2025-01-18
616,4238,18.88,2025-01-19
617,4238,18.28,2025-01-26
618,1075,39.67,2025-03-14
619,1075,16.53,2025-03-20
620,5409,45.97,2025-02-22
621,5409,25.21,2025-03-03
622,5409,31.07,2025-02-28
623,5409,29.64,2025-02-23
624,4773,27.21,2025-01-20
625,4773,35.48,2025-01-12
626,4773,47.84,2025-01-19
627,4773,30.05,2025-01-15
628,4773,5.23,2025-01-16
629,3588,13.11,2025-02-02
630,2185,46.83,2025-02-05
631,3431,38.47,2025-02-07
632,3431,7.05,2025-02-05
633,3431,36.94,2025-02-04
634,3431,38.27,2025-02-08
635,2793,4.96,2025-02-20
636,2793,7.48,2025-02-23
637,2793,23.18,2025-02-20
638,2793,31.1,2025-02-24
639,5094,17.41,2025-01-27
640,4733,8.38,2025-02-04
641,4733,29.53,2025-02-08
642,4733,11.38,2025-02-01
643,4733,22.99,2025-02-05
644,2207,11.65,2025-02-14
645,2207,22.83,2025-02-13
646,2207,40.81,2025-02-19
647,5927,29.93,2025-01-21
648,5927,48.06,2025-01-30
649,3321,3.59,2025-01-21
650,2194,19.25,2025-01-16
651,2194,29.27,2025-01-22
652,1281,10.88,2025-03-16
653,5906,11.12,2025-03-15
654,5906,29.37,2025-03-11
655,5906,26.03,2025-03-15
656,5906,31.68,2025-03-13
657,5906,42.95,2025-03-16
658,3622,22.51,2025-02-19
659,3530,29.31,2025-02-19
660,3530,39.54,2025-02-20
661,3530,6.83,2025-02-22
662,3530,13.06,2025-02-25
663,5115,17.87,2025-02-23
664,5115,41.41,2025-02-18
665,5115,46.26,2025-02-19
666,5115,20.73,2025-02-19
667,5115,5.25,2025-02-20
668,2011,5.58,2025-01-05
669,2011,13.58,2025-01-10
670,3240,25.99,2025-03-13
671,3240,31.68,2025-03-10
672,3240,35.47,2025-03-12
673,3240,29.96,2025-03-05
674,3240,33.35,2025-03-08
675,5701,22.22,2025-02-24
676,4918,44.62,2025-01-20
677,4918,8.68,2025-01-15
678,2767,46.35,2025-03-15
679,2767,45.78,2025-03-20
680,2767,13.3,2025-03-10
681,2767,40.66,2025-03-11
682,2767,45.4,2025-03-19
683,5055,49.08,2025-02-25
684,3387,37.48,2025-03-11
685,3387,44.59,2025-03-03
686,3387,47.43,2025-03-09
687,3387,36.71,2025-03-06
688,4085,25.83,2025-03-10
689,1481,18.8,2025-02-04
690,1481,16.55,2025-02-01
691,3729,46.69,2025-01-23
692,3729,39.12,2025-01-23
693,2250,31.18,2025-02-28
694,2250,34.72,2025-02-26
695,2725,25.13,2025-02-08
696,2843,35.37,2025-03-03
697,2843,35.65,2025-03-03
698,2843,8.6,2025-03-05
699,2843,7.65,2025-03-04
700,1430,18.88,2025-02-17
701,1430,22.94,2025-02-17
702,1430,13.42,2025-02-12
703,1430,30.24,2025-02-13
704,1430,21.82,2025-02-15
705,2466,4.19,2025-02-17
706,2466,43.91,2025-02-08
707,2466,41.0,2025-02-11
708,2466,4.71,2025-02-09
709,2466,10.66,2025-02-15
710,4993,18.77,2025-02-06
711,4209,8.22,2025-02-09
712,4209,24.97,2025-02-11
713,3450,5.68,2025-02-27
714,2304,11.87,2025-03-07
715,2304,45.08,2025-03-04
716,2304,23.28,2025-03-02
717,1176,39.44,2025-03-17
718,1176,43.7,2025-03-16
719,1176,27.28,2025-03-15
720,5488,35.48,2025-03-24
721,5488,7.0,2025-03-27
722,5488,45.21,2025-03-24
723,4213,15.42,2025-01-18
724,4213,45.77,2025-01-14
725,4213,13.06,2025-01-19
726,4213,12.11,2025-01-19
727,4213,36.79,2025-01-16
728,3764,48.93,2025-03-04
729,3764,33.19,2025-03-11
730,4460,3.01,2025-01-02
731,4460,14.96,2025-01-01
732,4460,20.43,2025-01-10
733,4460,4.86,2025-01-02
734,4878,25.77,2025-02-26
735,4878,20.45,2025-02-26
736,4878,12.76,2025-02-20
737,4878,10.84,2025-02-26
738,4878,27.55,2025-02-26
739,4206,27.98,2025-01-17
740,4206,46.98,2025-01-22
741,4206,38.2,2025-01-26
742,4203,40.88,2025-01-05
743,4203,12.38,2025-01-10
744,4203,18.36,2025-01-01
745,1588,43.55,2025-03-01
746,1588,40.75,2025-02-23
747,1588,20.62,2025-03-03
748,1588,15.79,2025-03-05
749,1588,24.24,2025-03-03
750,5324,38.9,2025-03-02
751,5324,9.79,2025-02-25
752,5324,24.42,2025-02-27
753,5324,8.32,2025-02-24
754,5324,15.46,2025-02-21
755,3318,49.93,2025-03-12
756,3318,16.19,2025-03-19
757,3318,20.93,2025-03-20
758,3313,19.35,2025-03-23
759,3313,14.01,2025-03-29
760,3313,40.88,2025-03-29
761,3313,2.58,2025-03-28
762,3313,29.28,2025-03-23
763,5489,42.67,2025-02-15
764,5489,24.2,2025-02-18
765,5489,2.42,2025-02-18
766,4225,25.04,2025-02-02
767,1797,21.6,2025-03-13
768,1797,47.05,2025-03-19
769,1797,45.05,2025-03-14
770,1797,17.06,2025-03-18
771,1797,23.13,2025-03-11
772,2072,14.45,2025-02-04
773,2072,8.1,2025-02-07
774,2072,10.37,2025-02-10
775,3649,4.37,2025-01-28
776,3649,33.41,2025-01-19
777,3649,34.84,2025-01-20
778,3649,29.82,2025-01-25
779,3649,28.55,2025-01-18
780,5754,47.67,2025-01-27
781,5754,48.8,2025-01-31
782,1443,42.55,2025-03-26
783,3490,36.47,2025-03-26
784,3490,13.26,2025-03-27
785,3490,5.71,2025-03-19
786,4748,26.52,2025-02-04
787,4748,11.78,2025-02-06
788,4748,19.82,2025-02-12
789,4748,21.96,2025-02-13
790,2340,8.86,2025-01-17
791,2340,31.12,2025-01-18
792,2340,18.07,2025-01-18
793,2340,45.06,2025-01-19
794,5728,47.23,2025-01-11
795,5728,31.84,2025-01-08
796,5728,19.67,2025-01-06
797,2126,45.76,2025-01-28
798,2126,7.09,2025-01-26
799,2126,40.78,2025-01-29
800,4619,39.6,2025-01-11
801,4619,47.11,2025-01-08
802,4619,41.86,2025-01-09
803,4619,33.53,2025-01-03
804,4619,20.28,2025-01-05
805,4952,48.0,2025-03-03
806,3384,26.16,2025-02-26
807,3384,32.25,2025-02-26
808,2186,37.18,2025-02-28
809,2186,40.3,2025-02-28
810,2186,24.66,2025-03-01
811,2186,26.97,2025-02-28
812,2718,11.35,2025-02-18
813,2718,16.06,2025-02-23
814,2718,17.77,2025-02-17
815,2786,23.87,2025-01-12
816,2786,35.26,2025-01-10
817,2786,37.16,2025-01-16
818,2602,5.82,2025-03-25
819,2602,26.26,2025-03-28
820,2602,33.35,2025-03-25
821,2602,13.05,2025-03-29
822,1074,29.32,2025-01-25
823,1074,46.42,2025-01-24
824,1074,39.26,2025-01-25
825,1074,34.35,2025-01-28
826,3967,14.48,2025-01-18
827,3967,18.39,2025-01-13
828,5715,21.6,2025-01-07
829,1835,29.64,2025-03-21
830,1835,44.3,2025-03-29
831,1835,45.18,2025-03-22
832,1835,2.73,2025-03-26
833,1835,22.08,2025-03-20
834,2209,37.65,2025-02-05
835,2209,43.72,2025-01-31
836,2209,3.14,2025-02-04
837,2209,49.51,2025-01-31
838,2209,26.71,2025-01-31
839,4084,45.39,2025-02-04
840,4084,8.11,2025-02-03
841,4084,13.58,2025-02-06
842,4084,7.7,2025-02-02
843,4084,30.38,2025-02-03
844,4498,49.71,2025-01-18
845,4498,5.53,2025-01-17
846,4498,47.59,2025-01-22
847,4498,32.27,2025-01-23
848,4498,15.88,2025-01-23
849,2378,37.2,2025-01-09
850,2378,45.97,2025-01-16
851,2378,6.01,2025-01-15
852,2378,30.48,2025-01-07
853,1461,33.16,2025-01-11
854,1461,17.37,2025-01-07
855,1461,26.41,2025-01-03
856,1786,47.34,2025-03-13
857,1786,13.14,2025-03-10
858,1786,18.36,2025-03-16
859,1786,26.84,2025-03-18
860,1786,29.82,2025-03-17
861,3912,17.48,2025-01-09
862,3912,38.34,2025-01-10
863,3912,4.0,2025-01-07
864,3912,22.66,2025-01-08
865,4881,44.21,2025-03-24
866,4881,6.76,2025-03-20
867,4881,9.94,2025-03-19
868,2471,25.35,2025-02-15
869,2471,44.49,2025-02-14
870,2471,47.07,2025-02-15
871,1429,38.16,2025-03-02
872,1429,33.98,2025-02-24
873,1429,6.6,2025-02-23
874,1961,38.22,2025-03-13
875,1961,30.71,2025-03-05
876,1961,48.06,2025-03-05
877,1961,27.81,2025-03-13
878,1961,2.31,2025-03-08
879,5222,11.74,2025-03-11
880,3772,37.13,2025-02-24
881,3772,8.05,2025-02-26
882,3772,16.15,2025-02-25
883,3772,36.37,2025-02-19
884,3772,23.32,2025-02-19
885,5861,14.62,2025-01-09
886,5861,49.66,2025-01-04
887,5861,7.58,2025-01-12
888,5861,40.56,2025-01-07
889,4553,17.69,2025-01-14
890,4553,18.09,2025-01-21
891,2217,37.3,2025-01-15
892,2217,39.29,2025-01-15
893,2217,44.82,2025-01-10
894,2217,22.79,2025-01-05
895,4309,11.13,2025-01-22
896,4309,33.72,2025-01-25
897,4309,3.7,2025-01-27
898,4309,32.1,2025-01-27
899,4309,8.56,2025-01-20
900,3007,34.31,2025-03-23
901,3007,24.56,2025-03-24
902,3007,41.06,2025-03-27
903,3007,15.55,2025-03-27
904,1278,44.03,2025-02-07
905,1278,43.13,2025-02-05
906,1973,22.84,2025-01-04
907,1973,28.76,2025-01-11
908,4249,3.85,2025-01-20
909,4249,31.43,2025-01-22
910,5002,32.6,2025-03-09
911,5002,27.45,2025-03-13
912,5002,44.13,2025-03-08
913,5002,43.99,2025-03-09
914,5002,25.27,2025-03-16
915,3479,19.13,2025-02-14
916,3479,16.17,2025-02-12
917,3479,7.38,2025-02-08
918,3479,22.13,2025-02-09
919,5883,13.87,2025-01-11
920,5883,7.55,2025-01-12
921,5883,47.89,2025-01-13
922,5883,7.44,2025-01-16
923,2413,39.13,2025-01-26
924,2413,42.32,2025-01-31
925,2413,30.84,2025-01-31
926,2413,13.26,2025-02-03
927,4075,26.35,2025-03-08
928,4075,4.91,2025-03-10
929,4075,14.55,2025-03-09
930,1734,20.78,2025-02-21
931,1734,22.4,2025-02-22
932,1734,45.78,2025-02-19
933,4798,36.94,2025-01-14
934,4798,32.53,2025-01-12
935,4798,16.8,2025-01-07
936,4130,29.47,2025-03-13
937,4130,27.72,2025-03-12
938,4130,7.29,2025-03-20
939,4130,31.31,2025-03-19
940,3254,27.9,2025-02-16
941,3254,40.51,2025-02-07
942,4646,45.78,2025-02-06
943,4009,33.43,2025-01-27
944,4009,12.09,2025-02-03
945,4009,11.52,2025-02-03
946,4009,42.22,2025-01-28
947,4009,43.26,2025-02-01
948,1095,40.45,2025-03-09
949,1095,17.9,2025-03-10
950,1983,37.19,2025-01-20
951,1983,3.72,2025-01-12
952,1955,6.91,2025-03-02
953,1676,4.02,2025-02-16
954,1676,16.46,2025-02-13
955,1676,32.3,2025-02-12
956,1676,3.61,2025-02-12
957,1999,33.44,2025-01-25
958,5007,43.37,2025-02-21
959,5007,5.54,2025-02-18
960,5175,2.7,2025-01-01
961,5175,31.02,2025-01-09
962,5175,6.58,2025-01-03
963,5175,40.04,2025-01-10
964,2842,43.24,2025-02-26
965,2842,22.4,2025-02-22
966,1188,15.14,2025-03-02
967,5807,14.67,2025-01-30
968,5807,29.65,2025-02-08
969,5693,22.61,2025-01-27
970,5693,48.4,2025-01-26
971,5693,15.36,2025-01-31
972,5693,45.56,2025-01-27
973,4928,13.73,2025-01-21
974,4928,49.66,2025-01-13
975,4928,47.66,2025-01-19
976,4928,36.29,2025-01-21
977,4928,12.74,2025-01-20
978,3242,39.01,2025-03-09
979,1774,24.88,2025-02-04
980,1774,32.85,2025-01-31
981,1774,8.89,2025-02-04
982,1774,48.83,2025-02-09
983,5856,10.11,2025-03-15
984,2483,13.99,2025-02-24
985,2483,21.34,2025-02-17
986,2483,27.11,2025-02-22
987,2483,38.5,2025-02-24
988,4145,14.09,2025-02-12
989,4966,42.04,2025-02-16
990,4966,17.42,2025-02-11
991,4966,30.73,2025-02-20
992,4552,35.13,2025-02-05
993,3444,28.18,2025-01-12
994,3444,48.04,2025-01-10
995,3444,17.44,2025-01-08
996,3444,26.68,2025-01-12
997,3444,46.21,2025-01-06
998,5681,20.02,2025-01-28
999,5681,9.77,2025-01-27
1000,5681,9.97,2025-01-28
1001,5681,43.74,2025-02-03
1002,2025,44.49,2025-02-18
1003,1814,32.05,2025-01-26
1004,1814,25.38,2025-02-01
1005,1814,22.06,2025-02-01
1006,1814,16.23,2025-01-24
1007,3664,36.55,2025-01-07
1008,3664,15.0,2025-01-13
1009,3664,31.51,2025-01-08
1010,3664,29.05,2025-01-08
1011,1520,15.92,2025-03-22
1012,1520,11.8,2025-03-30
1013,5403,26.92,2025-03-04
1014,5403,24.65,2025-03-03
1015,5403,46.93,2025-03-02
1016,5403,9.87,2025-03-01
1017,5403,2.46,2025-03-06
1018,2514,9.21,2025-01-13
1019,2514,49.67,2025-01-12
1020,2514,16.96,2025-01-11
1021,2514,11.55,2025-01-14
1022,4320,24.0,2025-01-17
1023,1161,31.99,2025-01-15
1024,5555,5.2,2025-01-31
1025,5555,28.83,2025-02-08
1026,5555,18.55,2025-02-01
1027,5555,46.53,2025-01-29
1028,5555,15.63,2025-02-02
1029,5394,37.0,2025-03-02
1030,5394,31.97,2025-02-26
1031,5394,46.84,2025-02-27
1032,5394,27.96,2025-03-01
1033,5342,30.44,2025-01-25
1034,5342,37.06,2025-01-25
1035,1523,14.61,2025-02-25
1036,1523,8.07,2025-02-24
1037,1523,30.18,2025-03-03
1038,5250,29.62,2025-02-28
1039,5250,31.02,2025-03-04
1040,5250,34.08,2025-03-04
1041,5250,12.04,2025-03-02
1042,5790,49.47,2025-02-13
1043,5415,9.02,2025-01-21
1044,2016,43.97,2025-03-11
1045,2016,5.72,2025-03-09
1046,2699,26.55,2025-02-04
1047,2480,33.9,2025-02-05
1048,2480,16.51,2025-02-04
1049,2480,13.55,2025-01-31
1050,2480,20.1,2025-02-05
1051,5907,19.03,2025-02-09
1052,5907,17.2,2025-02-10
1053,5907,44.39,2025-02-03
1054,5907,47.85,2025-02-05
1055,2474,42.3,2025-03-07
1056,2474,23.19,2025-03-13
1057,2474,34.89,2025-03-09
1058,1043,33.29,2025-01-12
1059,1043,3.2,2025-01-08
1060,1043,43.05,2025-01-11
1061,1043,18.6,2025-01-16
1062,1043,12.25,2025-01-12
1063,5544,20.35,2025-01-22
1064,5544,46.78,2025-01-21
1065,5544,11.39,2025-01-19
1066,5544,27.24,2025-01-24
1067,5544,30.13,2025-01-19
1068,4663,45.72,2025-02-16
1069,4663,26.12,2025-02-19
1070,4663,31.12,2025-02-15
1071,3574,15.19,2025-02-07
1072,2007,4.1,2025-03-01
1073,2007,15.15,2025-02-27
1074,2007,48.6,2025-02-23
1075,2007,43.42,2025-02-23
1076,1320,32.34,2025-02-17
1077,1320,10.33,2025-02-15
1078,1320,38.02,2025-02-18
1079,1320,3.82,2025-02-09
1080,2055,44.91,2025-01-19
1081,5711,43.79,2025-01-03
1082,5711,5.97,2025-01-03
1083,2689,23.27,2025-03-01
1084,2320,6.67,2025-01-15
1085,1719,49.19,2025-01-16
1086,1719,33.44,2025-01-15
1087,1719,17.96,2025-01-12
1088,1719,42.71,2025-01-22
1089,1719,45.08,2025-01-17
1090,5607,36.65,2025-03-31
1091,5607,26.77,2025-03-27
1092,3103,42.2,2025-02-12
1093,3103,4.94,2025-02-16
1094,3103,41.59,2025-02-09
1095,3103,9.07,2025-02-14
1096,1286,10.27,2025-03-17
1097,1286,15.22,2025-03-16
1098,1286,35.05,2025-03-19
1099,1693,32.48,2025-02-26
1100,1693,16.93,2025-02-24
1101,1693,18.82,2025-03-04
1102,1693,24.37,2025-03-01
1103,5146,46.64,2025-03-23
1104,3445,46.05,2025-02-07
1105,3978,10.9,2025-03-13
1106,3978,32.07,2025-03-21
1107,5459,39.85,2025-03-02
1108,2405,19.97,2025-02-14
1109,2405,44.1,2025-02-05
1110,4465,42.18,2025-02-18
1111,4465,47.24,2025-02-24
1112,1000,16.89,2025-01-17
1113,1000,35.87,2025-01-21
1114,3034,8.73,2025-02-11
1115,3034,21.86,2025-02-12
1116,3462,44.4,2025-02-24
1117,3462,49.0,2025-02-22
1118,1378,14.69,2025-03-03
1119,1378,19.04,2025-03-03
1120,1378,18.74,2025-03-01
1121,5255,41.81,2025-03-26
1122,5255,41.91,2025-03-29
1123,5255,47.57,2025-03-19
1124,5255,20.5,2025-03-28
1125,5255,29.29,2025-03-27
1126,3403,33.0,2025-01-31
1127,3403,40.21,2025-02-05
1128,3403,18.41,2025-01-29
1129,3403,28.47,2025-02-03
1130,5375,26.63,2025-03-21
1131,5375,14.38,2025-03-23
1132,5375,14.51,2025-03-27
1133,4644,33.59,2025-01-29
1134,2145,8.7,2025-02-13
1135,2145,17.49,2025-02-15
1136,5727,33.59,2025-02-26
1137,5727,17.46,2025-02-20
1138,5727,32.2,2025-02-21
1139,5727,9.61,2025-02-20
1140,5727,18.06,2025-02-27
1141,5017,45.82,2025-01-23
1142,3563,24.4,2025-01-27
1143,3563,38.09,2025-01-27
1144,3563,40.83,2025-02-01
1145,5281,29.64,2025-02-21
1146,5281,37.08,2025-02-18
1147,5281,42.03,2025-02-19
1148,5281,36.71,2025-02-16
1149,3884,25.15,2025-03-16
1150,3884,16.4,2025-03-17
1151,3884,38.62,2025-03-14
1152,3884,7.17,2025-03-19
1153,3884,39.15,2025-03-17
1154,5965,30.46,2025-01-09
1155,5965,26.58,2025-01-05
1156,5965,44.55,2025-01-07
1157,5965,11.52,2025-01-11
1158,5965,38.08,2025-01-12
1159,5182,17.98,2025-03-19
1160,5182,48.57,2025-03-09
1161,2719,40.46,2025-01-06
1162,2719,21.0,2025-01-11
1163,2719,2.03,2025-01-11
1164,1811,44.37,2025-03-06
1165,1811,16.75,2025-03-07
1166,1366,43.16,2025-01-10
1167,1366,6.32,2025-01-13
1168,2942,34.86,2025-02-09
1169,2942,2.23,2025-02-12
1170,1300,6.79,2025-01-21
1171,1300,34.96,2025-01-24
1172,2540,34.07,2025-03-29
1173,2540,35.89,2025-03-29
1174,2160,8.16,2025-01-11
1175,3455,39.11,2025-01-17
1176,3455,41.34,2025-01-15
1177,2763,20.89,2025-01-18
1178,2763,18.64,2025-01-10
1179,2763,37.53,2025-01-19
1180,2763,3.28,2025-01-18
1181,2099,38.85,2025-01-13
1182,2099,19.38,2025-01-16
1183,2099,41.51,2025-01-19
1184,2099,30.75,2025-01-20
1185,2099,45.89,2025-01-17
1186,5932,25.99,2025-01-18
1187,5932,12.13,2025-01-16
1188,5522,18.29,2025-02-16
1189,5522,10.62,2025-02-25
1190,5522,15.67,2025-02-17
1191,5522,34.4,2025-02-21
1192,2769,14.52,2025-03-22
1193,2769,10.61,2025-03-28
1194,2769,34.74,2025-03-28
1195,2769,24.31,2025-03-23
1196,5847,34.92,2025-01-25
1197,3941,43.39,2025-03-11
1198,3272,17.3,2025-02-02
1199,2052,20.42,2025-01-27
1200,2052,2.55,2025-01-26
1201,2052,48.07,2025-01-29
1202,2052,22.27,2025-01-25
1203,2052,16.53,2025-01-19
1204,4457,7.56,2025-03-21
1205,4457,26.09,2025-03-18
1206,4457,36.17,2025-03-18
1207,1609,7.35,2025-02-09
1208,1609,49.07,2025-02-06
1209,1609,38.45,2025-02-12
1210,1609,5.83,2025-02-14
1211,1609,18.17,2025-02-04
1212,5504,11.48,2025-03-11
1213,5504,36.92,2025-03-16
1214,5504,22.86,2025-03-14
1215,5504,15.51,2025-03-14
1216,5504,43.65,2025-03-08
1217,3088,4.39,2025-01-08
1218,3088,34.94,2025-01-12
1219,3088,22.42,2025-01-07
1220,3088,16.2,2025-01-13
1221,3135,14.82,2025-02-21
1222,4127,22.01,2025-01-13
1223,4127,17.57,2025-01-15
1224,4127,3.7,2025-01-18
1225,2337,37.12,2025-03-11
1226,4277,13.92,2025-01-24
1227,4277,27.67,2025-01-19
1228,4277,36.88,2025-01-20
1229,4277,25.68,2025-01-28
1230,4277,18.57,2025-01-22
1231,4736,13.71,2025-03-14
1232,4736,29.31,2025-03-13
1233,4736,5.66,2025-03-05
1234,4736,3.83,2025-03-10
1235,1682,40.99,2025-03-27
1236,1682,20.32,2025-03-18
1237,1682,18.2,2025-03-18
1238,1682,37.95,2025-03-27
1239,1682,21.23,2025-03-23
1240,3082,36.63,2025-03-09
1241,3082,42.16,2025-03-06
1242,4484,40.08,2025-02-23
1243,4484,14.52,2025-03-03
1244,4484,31.54,2025-02-26
1245,4484,42.99,2025-03-02
1246,2173,19.95,2025-03-09
1247,2173,12.32,2025-03-16
1248,5390,37.84,2025-03-10
1249,5390,15.28,2025-03-08
1250,5390,4.19,2025-03-16
1251,5390,45.66,2025-03-12
1252,2669,2.23,2025-03-25
1253,2669,2.89,2025-03-24
1254,2669,33.54,2025-03-27
1255,1578,24.19,2025-02-03
1256,1578,17.26,2025-02-09
1257,1578,12.78,2025-02-02
1258,3206,5.05,2025-02-25
1259,3206,36.94,2025-02-26
1260,3206,41.68,2025-03-03
1261,2578,32.46,2025-03-22
1262,2578,27.98,2025-03-21
1263,2578,46.62,2025-03-23
1264,2578,18.45,2025-03-16
1265,2578,18.62,2025-03-21
1266,4048,24.16,2025-01-26
1267,4048,12.1,2025-01-31
1268,4048,34.29,2025-01-26
1269,4048,21.33,2025-01-28
1270,5617,32.3,2025-01-30
1271,5617,49.27,2025-02-06
1272,5617,11.95,2025-01-30
1273,5617,19.71,2025-02-06
1274,5617,38.03,2025-02-02
1275,5189,24.42,2025-02-24
1276,5189,31.98,2025-02-16
1277,5189,31.95,2025-02-16
1278,5189,22.7,2025-02-23
1279,5955,28.7,2025-03-19
1280,2343,20.0,2025-01-31
1281,2343,8.31,2025-02-05
1282,2343,47.53,2025-02-06
1283,2343,6.65,2025-01-29
1284,4438,49.61,2025-02-09
1285,4438,15.88,2025-02-15
1286,2257,28.39,2025-03-24
1287,2257,38.05,2025-03-23
1288,3591,15.38,2025-02-15
1289,3591,32.24,2025-02-11
1290,3591,44.46,2025-02-16
1291,3591,38.55,2025-02-16
1292,4104,27.7,2025-03-04
1293,4104,12.79,2025-03-02
1294,4104,25.74,2025-03-02
1295,1212,41.64,2025-02-04
1296,1212,9.52,2025-02-07
1297,1212,21.19,2025-02-02
1298,1212,27.56,2025-01-31
1299,5944,33.49,2025-01-10
1300,5944,45.54,2025-01-13
1301,5944,29.84,2025-01-09
1302,3027,21.68,2025-03-21
1303,3027,3.38,2025-03-25
1304,3027,8.64,2025-03-18
1305,3027,26.15,2025-03-24
1306,1635,29.38,2025-02-06
1307,3212,17.59,2025-01-08
1308,3212,9.98,2025-01-11
1309,3212,24.64,2025-01-18
1310,3212,47.68,2025-01-09
1311,2020,44.4,2025-03-12
1312,5353,26.53,2025-03-06
1313,5353,42.8,2025-03-01
1314,5353,23.96,2025-02-28
1315,5353,10.4,2025-03-01
1316,1901,8.36,2025-03-16
1317,1901,44.92,2025-03-12
1318,5492,24.13,2025-03-04
1319,5492,34.81,2025-02-26
1320,4332,40.23,2025-02-27
1321,4332,26.0,2025-03-03
1322,4332,40.57,2025-02-25
1323,4332,43.85,2025-03-01
1324,1540,24.18,2025-03-16
1325,1540,2.32,2025-03-14
1326,3698,34.48,2025-02-18
1327,3972,43.37,2025-02-20
1328,3972,39.58,2025-02-14
1329,3972,44.39,2025-02-17
1330,3972,7.8,2025-02-21
1331,3972,33.05,2025-02-22
1332,3732,23.04,2025-01-27
1333,3732,16.05,2025-01-27
1334,3732,41.75,2025-02-02
1335,3732,19.43,2025-01-27
1336,3732,32.19,2025-02-04
1337,3238,39.79,2025-02-12
1338,3238,9.0,2025-02-07
1339,3238,38.37,2025-02-10
1340,3238,38.16,2025-02-15
1341,2198,19.58,2025-03-18
1342,2849,45.81,2025-03-07
1343,2849,12.07,2025-03-12
1344,2849,17.83,2025-03-06
1345,3241,45.15,2025-02-17
1346,1080,38.33,2025-02-07
1347,1080,16.16,2025-02-09
1348,1080,17.86,2025-02-11
1349,1080,35.57,2025-02-11
1350,1802,30.52,2025-03-16
1351,1802,9.1,2025-03-14
1352,1802,3.24,2025-03-16
1353,1802,29.04,2025-03-17
1354,1802,16.71,2025-03-16
1355,4089,32.42,2025-03-23
1356,4089,36.22,2025-03-21
1357,2820,37.69,2025-03-02
1358,2820,9.02,2025-03-02
1359,2820,43.23,2025-03-04
1360,4101,12.93,2025-03-08
1361,4101,29.99,2025-03-01
1362,4101,30.03,2025-02-28
1363,1860,36.6,2025-03-17
1364,1860,21.47,2025-03-20
1365,1860,45.19,2025-03-21
1366,2439,9.47,2025-01-21
1367,2439,17.08,2025-01-19
1368,2439,20.13,2025-01-16
1369,5312,10.11,2025-01-28
1370,5312,25.13,2025-01-26
1371,5312,45.05,2025-01-25
1372,5312,34.09,2025-01-18
1373,3511,12.78,2025-02-16
1374,5823,9.19,2025-01-14
1375,5823,39.33,2025-01-20
1376,5010,11.44,2025-03-09
1377,1782,29.32,2025-02-04
1378,1782,45.49,2025-02-07
1379,1782,45.1,2025-02-05
1380,1782,19.44,2025-01-31
1381,5333,32.06,2025-01-23
1382,3858,5.22,2025-02-20
1383,3858,48.15,2025-02-20
1384,3858,43.88,2025-02-20
1385,5687,29.19,2025-03-07
1386,3310,14.28,2025-01-05
1387,3310,35.1,2025-01-04
1388,5518,35.09,2025-03-09
1389,5518,10.51,2025-03-13
1390,3220,28.48,2025-02-22
1391,3220,37.66,2025-02-19
1392,3220,45.48,2025-02-19
1393,3220,27.07,2025-02-20
1394,3220,11.96,2025-02-18
1395,5976,38.55,2025-03-27
1396,5976,24.28,2025-03-25
1397,1392,17.3,2025-01-06
1398,1392,5.5,2025-01-16
1399,1392,7.58,2025-01-13
1400,1392,24.84,2025-01-07
1401,1392,28.02,2025-01-07
1402,2398,25.38,2025-03-05
1403,2398,2.45,2025-03-05
1404,3605,36.55,2025-01-28
1405,3605,39.31,2025-02-03
1406,3605,30.26,2025-01-30
1407,3605,31.48,2025-02-06
1408,4191,14.07,2025-03-04
1409,4191,30.85,2025-03-10
1410,4191,32.28,2025-03-11
1411,4191,26.34,2025-03-09
1412,3827,47.66,2025-02-12
1413,3827,14.67,2025-02-12
1414,3827,13.94,2025-02-16
1415,3827,34.53,2025-02-12
1416,3827,16.81,2025-02-16
1417,5355,48.9,2025-01-10
1418,5355,25.39,2025-01-11
1419,5355,44.87,2025-01-14
1420,5355,24.57,2025-01-17
1421,5519,5.14,2025-03-13
1422,5519,34.29,2025-03-17
1423,5871,18.43,2025-03-21
1424,4298,11.28,2025-03-07
1425,4298,38.61,2025-03-06
1426,4298,16.74,2025-03-08
1427,4298,17.35,2025-03-09
1428,4298,24.64,2025-03-13
1429,4906,12.08,2025-03-22
1430,4906,9.41,2025-03-23
1431,4906,11.2,2025-03-15
1432,5852,42.9,2025-02-09
1433,5852,33.79,2025-02-16
1434,5852,47.91,2025-02-12
1435,5852,33.36,2025-02-14
1436,2045,12.97,2025-02-16
1437,2045,24.65,2025-02-16
1438,2045,19.79,2025-02-16
1439,2045,18.01,2025-02-16
1440,5207,23.58,2025-03-02
1441,5207,29.03,2025-03-03
1442,5207,2.26,2025-03-03
1443,2273,48.49,2025-03-18
1444,2273,32.99,2025-03-23
1445,2273,48.79,2025-03-20
1446,2273,2.93,2025-03-22
1447,2035,33.77,2025-02-13
1448,2035,16.14,2025-02-14
1449,2168,17.44,2025-01-23
1450,2168,17.62,2025-01-29
1451,2168,37.46,2025-01-31
1452,4103,26.13,2025-02-06
1453,4103,7.12,2025-02-01
1454,5649,17.61,2025-02-13
1455,5649,47.18,2025-02-18
1456,3190,47.69,2025-01-29
1457,3190,39.49,2025-01-22
1458,3190,35.0,2025-01-28
1459,3190,13.98,2025-01-29
1460,3190,30.12,2025-01-31
1461,1433,4.68,2025-02-06
1462,4032,27.81,2025-02-14
1463,4032,46.32,2025-02-17
1464,4032,24.64,2025-02-11
1465,3040,48.89,2025-03-05
1466,5986,43.94,2025-03-20
1467,5986,16.34,2025-03-27
1468,5986,28.96,2025-03-21
1469,5986,13.76,2025-03-25
1470,4426,38.6,2025-03-23
1471,4426,28.71,2025-03-19
1472,4426,35.09,2025-03-19
1473,4426,39.05,2025-03-17
1474,4426,43.78,2025-03-16
1475,4750,45.43,2025-02-06
1476,4750,37.86,2025-02-08
1477,4750,10.83,2025-02-04
1478,2499,24.11,2025-02-24
1479,2499,11.54,2025-02-26
1480,2499,14.25,2025-02-25
1481,2499,8.72,2025-02-21
1482,4595,21.01,2025-02-11
1483,4595,40.3,2025-02-12
1484,4595,4.88,2025-02-13
1485,4595,19.92,2025-02-13
1486,3899,49.78,2025-01-26
1487,3899,43.9,2025-01-28
1488,3899,39.92,2025-01-25
1489,3899,15.56,2025-01-27
1490,3899,32.44,2025-01-25
1491,4839,6.41,2025-02-12
1492,5114,27.51,2025-01-30
1493,5114,42.61,2025-02-06
1494,5114,29.54,2025-01-30
1495,5114,31.27,2025-02-05
1496,5114,38.08,2025-02-01
1497,3349,24.34,2025-02-15
1498,3349,33.21,2025-02-13
1499,3349,10.71,2025-02-12
1500,3349,18.3,2025-02-20
1501,3259,44.68,2025-03-04
1502,3259,29.58,2025-03-04
1503,3259,31.93,2025-02-26
1504,3259,2.9,2025-03-04
1505,3259,17.46,2025-03-01
1506,4504,43.06,2025-02-15
1507,4504,34.37,2025-02-20
1508,5264,23.96,2025-01-22
1509,5264,11.61,2025-01-24
1510,5264,46.41,2025-01-23
1511,2874,11.05,2025-03-01
1512,2874,11.88,2025-03-01
1513,2874,6.83,2025-03-01
1514,2874,30.88,2025-03-07
1515,2874,39.4,2025-02-27
1516,3500,47.81,2025-03-16
1517,3500,43.78,2025-03-16
1518,3500,33.58,2025-03-14
1519,3500,16.53,2025-03-14
1520,3500,49.56,2025-03-17
1521,1712,39.06,2025-03-06
1522,1712,8.58,2025-03-03
1523,3503,42.03,2025-01-19
1524,3503,3.21,2025-01-24
1525,3503,20.25,2025-01-21
1526,3503,23.04,2025-01-25
1527,4330,39.0,2025-03-09
1528,4330,41.09,2025-03-15
1529,3561,26.31,2025-01-14
1530,1738,7.83,2025-03-26
1531,1738,7.77,2025-03-21
1532,1738,37.54,2025-03-25
1533,1738,37.97,2025-03-23
1534,1738,21.92,2025-03-23
1535,1651,40.38,2025-01-07
1536,1651,24.93,2025-01-11
1537,1628,47.35,2025-01-19
1538,1628,2.34,2025-01-18
1539,1628,21.2,2025-01-24
1540,1628,19.01,2025-01-19
1541,1628,42.14,2025-01-22
1542,2966,16.42,2025-03-02
1543,2966,33.21,2025-02-21
1544,2966,44.04,2025-02-26
1545,2966,47.65,2025-02-20
1546,1767,45.06,2025-03-22
1547,1767,8.75,2025-03-12
1548,1767,10.5,2025-03-15
1549,2352,26.88,2025-01-15
1550,5712,38.58,2025-03-28
1551,5712,30.61,2025-03-21
1552,1470,16.06,2025-02-20
1553,1470,21.9,2025-02-19
1554,1692,10.27,2025-03-16
1555,1692,48.32,2025-03-18
1556,3341,44.19,2025-03-12
1557,3341,39.74,2025-03-08
1558,5539,11.79,2025-02-02
1559,5037,19.9,2025-02-02
1560,5037,31.84,2025-01-27
1561,5037,39.59,2025-01-23
1562,5037,3.36,2025-01-28
1563,1087,37.27,2025-02-10
1564,1087,45.84,2025-02-12
1565,1087,27.88,2025-02-10
1566,1087,36.67,2025-02-19
1567,4473,6.8,2025-03-11
1568,4473,45.06,2025-03-14
1569,5167,49.42,2025-01-23
1570,2117,24.28,2025-01-17
1571,4929,23.13,2025-02-14
1572,4929,40.84,2025-02-15
1573,4929,16.94,2025-02-06
1574,4929,45.17,2025-02-13
1575,5078,17.49,2025-02-02
1576,5078,19.54,2025-02-08
1577,5078,34.07,2025-02-09
1578,5361,25.64,2025-03-21
1579,4321,8.03,2025-01-05
1580,4321,8.22,2025-01-10
1581,4321,12.82,2025-01-04
1582,4321,37.66,2025-01-03
1583,4321,15.54,2025-01-08
1584,1113,13.98,2025-03-06
1585,1113,10.85,2025-03-09
1586,1113,16.44,2025-03-15
1587,1113,34.07,2025-03-12
1588,1113,26.8,2025-03-13
1589,2557,17.73,2025-02-10
1590,2557,33.73,2025-02-13
1591,2557,37.34,2025-02-17
1592,4481,32.32,2025-01-12
1593,5377,2.68,2025-01-04
1594,5377,3.63,2025-01-12
1595,3826,21.03,2025-02-06
1596,3826,29.45,2025-02-04
1597,3000,11.0,2025-02-07
1598,3000,21.46,2025-02-11
1599,3000,23.74,2025-02-05
1600,3000,28.19,2025-02-06
1601,5326,33.45,2025-03-04
1602,5990,18.18,2025-02-23
1603,5990,14.24,2025-02-20
1604,5990,39.05,2025-02-25
1605,5990,33.83,2025-02-25
1606,5990,43.09,2025-02-28
1607,1346,5.02,2025-01-06
1608,1346,22.46,2025-01-07
1609,1346,48.3,2025-01-02
1610,1346,6.53,2025-01-04
1611,1346,41.83,2025-01-09
1612,5975,36.2,2025-03-02
1613,4675,16.73,2025-01-17
1614,4675,28.55,2025-01-18
1615,2380,10.76,2025-03-26
1616,5288,8.79,2025-03-08
1617,5288,12.64,2025-03-15
1618,5288,11.53,2025-03-05
1619,5288,27.22,2025-03-10
1620,5288,29.01,2025-03-07
1621,2432,4.25,2025-03-26
1622,2432,19.4,2025-03-26
1623,2432,35.29,2025-03-21
1624,2432,9.99,2025-03-26
1625,2432,6.8,2025-03-20
1626,1615,32.44,2025-03-03
1627,1615,12.85,2025-03-02
1628,4006,47.22,2025-02-01
1629,4006,22.34,2025-02-02
1630,2092,4.34,2025-02-05
1631,2092,16.22,2025-02-07
1632,5208,44.89,2025-01-24
1633,5208,17.44,2025-01-25
1634,5208,2.01,2025-01-22
1635,5208,35.99,2025-01-22
1636,5208,16.95,2025-01-28
1637,3894,48.04,2025-03-14
1638,3894,38.24,2025-03-05
1639,3894,8.89,2025-03-07
1640,3894,38.69,2025-03-07
1641,3894,20.77,2025-03-08
1642,1417,22.1,2025-02-28
1643,1417,11.27,2025-02-27
1644,4462,12.85,2025-01-05
1645,4462,8.73,2025-01-08
1646,4462,7.92,2025-01-10
1647,5059,9.28,2025-03-17
1648,5059,8.83,2025-03-14
1649,5059,38.5,2025-03-11
1650,5059,32.55,2025-03-07
1651,5059,16.93,2025-03-15
1652,4105,30.72,2025-01-24
1653,4057,23.03,2025-02-03
1654,4057,27.97,2025-01-25
1655,1927,9.37,2025-03-04
1656,1927,44.0,2025-03-02
1657,1927,20.3,2025-02-25
1658,1927,7.41,2025-03-01
1659,1927,22.43,2025-03-04
1660,3768,38.4,2025-02-25
1661,3768,27.09,2025-02-21
1662,3046,48.06,2025-03-12
1663,5416,43.72,2025-03-22
1664,5416,25.73,2025-03-29
1665,5416,22.23,2025-03-25
1666,1965,42.42,2025-01-31
1667,3376,32.72,2025-03-24
1668,3376,22.13,2025-03-25
1669,3376,49.18,2025-03-24
1670,4957,6.84,2025-02-08
1671,3404,30.11,2025-03-18
1672,3404,30.36,2025-03-18
1673,3404,14.75,2025-03-25
1674,3404,28.9,2025-03-22
1675,3168,31.11,2025-03-10
1676,3168,20.35,2025-03-14
1677,3168,7.16,2025-03-13
1678,3168,47.79,2025-03-14
1679,3168,6.55,2025-03-13
1680,2745,29.84,2025-01-08
1681,2745,22.24,2025-01-12
1682,1018,18.66,2025-01-04
1683,1018,42.9,2025-01-11
1684,1018,43.43,2025-01-13
1685,1018,47.12,2025-01-04
1686,5659,45.58,2025-03-17
1687,5659,29.2,2025-03-10
1688,5659,32.26,2025-03-07
1689,5659,6.73,2025-03-12
1690,4224,36.98,2025-01-01
1691,4224,19.2,2025-01-05
1692,4224,18.5,2025-01-11
1693,4224,15.27,2025-01-04
1694,2781,23.98,2025-02-28
1695,3497,12.04,2025-02-23
1696,3497,33.11,2025-03-01
1697,3497,38.15,2025-02-27
1698,5223,43.11,2025-01-29
1699,5223,18.88,2025-01-27
1700,1290,17.18,2025-01-24
1701,1290,6.85,2025-01-25
1702,1290,32.68,2025-01-22
1703,1290,31.84,2025-01-26
1704,1290,10.93,2025-01-31
1705,4793,14.69,2025-02-28
1706,4793,18.82,2025-03-04
1707,4793,44.99,2025-03-04
1708,4793,48.04,2025-02-27
1709,4999,7.34,2025-02-05
1710,4999,16.9,2025-02-14
1711,4999,35.6,2025-02-13
1712,1471,38.31,2025-01-20
1713,1471,10.53,2025-01-24
1714,1471,35.38,2025-01-25
1715,1471,6.47,2025-01-19
1716,1471,45.9,2025-01-25
1717,3914,8.99,2025-03-14
1718,3914,27.57,2025-03-15
1719,3914,8.38,2025-03-16
1720,3914,6.96,2025-03-16
1721,1048,29.36,2025-01-20
1722,1048,17.53,2025-01-12
1723,1048,23.23,2025-01-14
1724,4771,28.29,2025-01-24
1725,3691,25.73,2025-01-11
1726,3691,13.77,2025-01-14
1727,3691,23.13,2025-01-14
1728,1877,2.59,2025-03-24
1729,1877,48.29,2025-03-25
1730,1042,42.21,2025-02-10
1731,1042,28.69,2025-02-09
1732,1042,11.22,2025-02-12
1733,1042,42.69,2025-02-05
1734,1042,21.17,2025-02-12
1735,3864,37.84,2025-03-25
1736,3864,40.55,2025-03-24
1737,3864,22.69,2025-03-23
1738,3864,45.19,2025-03-24
1739,3864,17.36,2025-03-22
1740,2525,47.98,2025-03-08
1741,2525,17.43,2025-03-09
1742,2525,40.18,2025-03-10
1743,4293,6.63,2025-01-27
1744,4293,35.99,2025-02-02
1745,4293,17.04,2025-02-02
1746,4293,12.93,2025-02-03
1747,4293,36.43,2025-01-30
1748,3904,24.32,2025-03-21
1749,3904,42.15,2025-03-27
1750,3904,31.69,2025-03-25
1751,3904,30.36,2025-03-25
1752,3904,47.74,2025-03-19
1753,1072,28.87,2025-01-10
1754,1072,33.2,2025-01-18
1755,1830,43.63,2025-01-18
1756,1830,5.05,2025-01-13
1757,1830,5.13,2025-01-16
1758,4529,14.09,2025-01-25
1759,4529,36.24,2025-01-16
1760,4529,22.67,2025-01-23
1761,2618,12.32,2025-02-25
1762,2618,16.86,2025-02-26
1763,1694,13.15,2025-02-22
1764,1694,47.41,2025-02-25
1765,1694,38.77,2025-02-19
1766,5334,43.4,2025-01-13
1767,5334,4.53,2025-01-17
1768,5334,30.19,2025-01-13
1769,5334,31.45,2025-01-09
1770,5334,21.85,2025-01-16
1771,5213,13.93,2025-01-25
1772,5213,39.13,2025-01-31
1773,2259,3.41,2025-01-09
1774,2259,36.97,2025-01-14
1775,4364,6.51,2025-01-24
1776,4364,29.54,2025-01-29
1777,4364,20.59,2025-02-02
1778,2014,35.42,2025-03-23
1779,2014,42.66,2025-03-19
1780,2014,6.59,2025-03-19
1781,2014,10.51,2025-03-22
1782,4992,25.97,2025-01-12
1783,4992,14.49,2025-01-10
1784,4992,12.87,2025-01-11
1785,4992,32.37,2025-01-18
1786,1056,38.08,2025-01-16
1787,1056,14.36,2025-01-17
1788,1056,4.91,2025-01-18
1789,2274,34.76,2025-01-01
1790,2274,10.08,2025-01-02
1791,2274,2.59,2025-01-09
1792,2274,20.46,2025-01-06
1793,2274,40.39,2025-01-01
1794,3049,19.98,2025-02-22
1795,3049,47.86,2025-02-14
1796,3049,32.54,2025-02-16
1797,3049,10.72,2025-02-20
1798,3049,48.83,2025-02-16
1799,2852,45.8,2025-03-18
1800,4855,29.54,2025-02-09
1801,4855,35.9,2025-02-11
1802,4855,26.34,2025-02-06
1803,4855,3.45,2025-02-11
1804,4855,46.88,2025-02-04
1805,4066,46.87,2025-01-29
1806,3451,34.78,2025-02-23
1807,3985,10.02,2025-03-01
1808,3985,25.88,2025-02-22
1809,3985,9.44,2025-03-02
1810,3985,46.15,2025-03-02
1811,3985,46.56,2025-02-28
1812,4508,39.63,2025-02-05
1813,4508,34.09,2025-01-31
1814,4508,18.23,2025-01-31
1815,4508,8.78,2025-02-04
1816,4508,11.03,2025-02-06
1817,2492,19.19,2025-03-15
1818,2492,40.91,2025-03-22
1819,2492,35.96,2025-03-25
1820,2492,6.73,2025-03-24
1821,3207,33.84,2025-01-28
1822,3207,45.76,2025-02-01
1823,3207,29.59,2025-02-05
1824,3207,27.03,2025-02-04
1825,3207,32.86,2025-02-04
1826,1890,8.49,2025-02-14
1827,1890,16.05,2025-02-12
1828,1890,22.45,2025-02-19
1829,4592,5.94,2025-02-03
1830,4592,25.57,2025-01-28
1831,4592,28.93,2025-02-02
1832,4592,20.65,2025-02-06
1833,4599,38.99,2025-03-24
1834,4599,27.31,2025-03-20
1835,4599,11.02,2025-03-20
1836,4599,16.73,2025-03-21
1837,2325,28.04,2025-01-18
1838,2325,17.05,2025-01-19
1839,2325,27.64,2025-01-09
1840,2325,48.39,2025-01-09
1841,2325,11.03,2025-01-15
1842,3897,41.53,2025-01-31
1843,3897,43.93,2025-02-10
1844,3897,27.14,2025-02-08
1845,3897,26.41,2025-02-02
1846,3897,35.55,2025-02-10
1847,4555,23.94,2025-01-15
1848,4555,44.82,2025-01-16
1849,1047,36.26,2025-02-19
1850,1047,11.91,2025-02-25
1851,1047,31.41,2025-02-28
1852,3942,11.88,2025-03-23
1853,2625,2.22,2025-03-20
1854,1906,41.04,2025-01-16
1855,1906,49.24,2025-01-11
1856,2552,19.84,2025-03-01
1857,2552,4.14,2025-03-04
1858,2552,30.73,2025-02-28
1859,2552,34.08,2025-03-07
1860,3333,29.38,2025-02-23
1861,3333,16.86,2025-02-23
1862,3333,37.35,2025-02-23
1863,3333,21.63,2025-02-17
1864,1329,41.52,2025-01-16
1865,2095,42.44,2025-03-18
1866,2095,41.19,2025-03-17
1867,2095,14.15,2025-03-21
1868,2095,32.06,2025-03-14
1869,4232,35.4,2025-02-26
1870,4232,8.18,2025-03-05
1871,4232,5.38,2025-03-01
1872,4232,7.52,2025-02-27
1873,4449,10.79,2025-02-09
1874,4449,10.02,2025-02-13
1875,4449,47.85,2025-02-12
1876,4449,15.66,2025-02-14
1877,3713,43.05,2025-02-16
1878,3713,7.2,2025-02-16
1879,3713,20.95,2025-02-13
1880,1258,28.62,2025-01-23
1881,1258,11.63,2025-01-29
1882,2313,24.5,2025-01-08
1883,2313,7.34,2025-01-09
1884,2313,41.98,2025-01-08
1885,2313,6.0,2025-01-10
1886,2313,13.59,2025-01-09
1887,2630,23.02,2025-01-22
1888,2630,23.21,2025-01-19
1889,2630,33.81,2025-01-17
1890,2630,38.8,2025-01-25
1891,2630,38.88,2025-01-20
1892,4926,29.29,2025-01-14
1893,4926,18.37,2025-01-16
1894,4926,46.24,2025-01-18
1895,5006,11.62,2025-02-07
1896,5006,4.7,2025-02-10
1897,5006,9.34,2025-02-06
1898,5506,5.05,2025-03-20
1899,5506,32.1,2025-03-14
1900,5506,33.57,2025-03-17
1901,3661,43.81,2025-03-20
1902,3661,42.47,2025-03-21
1903,3661,27.36,2025-03-29
1904,3661,9.72,2025-03-28
1905,4275,4.71,2025-03-01
1906,4275,5.12,2025-03-06
1907,4275,27.64,2025-03-04
1908,4275,36.57,2025-03-05
1909,4275,19.77,2025-03-01
1910,5111,34.84,2025-01-25
1911,5111,20.29,2025-01-24
1912,4185,41.05,2025-02-06
1913,4185,7.73,2025-02-15
1914,4185,38.57,2025-02-09
1915,4185,29.04,2025-02-06
1916,4185,2.94,2025-02-07
1917,2076,32.94,2025-01-21
1918,2076,34.9,2025-01-16
1919,2076,23.57,2025-01-18
1920,2076,34.77,2025-01-15
1921,1898,18.56,2025-02-25
1922,1898,23.83,2025-03-03
1923,1898,23.79,2025-02-23
1924,1898,12.73,2025-02-26
1925,1898,32.57,2025-02-25
1926,1883,49.95,2025-02-04
1927,1883,19.66,2025-01-31
1928,1173,40.65,2025-01-23
1929,2033,24.07,2025-02-22
1930,2033,42.87,2025-03-02
1931,3819,42.32,2025-02-03
1932,3819,11.98,2025-02-06
1933,3819,22.2,2025-02-07
1934,3819,24.1,2025-02-07
1935,5096,47.7,2025-02-05
1936,5096,19.44,2025-02-05
1937,5096,33.93,2025-02-03
1938,5096,36.71,2025-01-31
1939,1111,12.4,2025-01-21
1940,1111,29.27,2025-01-21
1941,2937,45.21,2025-02-15
1942,2937,43.39,2025-02-18
1943,2937,19.98,2025-02-16
1944,2937,12.24,2025-02-14
1945,2937,24.56,2025-02-12
1946,1426,23.7,2025-02-08
1947,1426,21.77,2025-02-07
1948,1426,12.41,2025-02-01
1949,1426,44.71,2025-02-06
1950,1426,20.44,2025-02-08
1951,4519,10.65,2025-02-16
1952,4519,3.13,2025-02-17
1953,4519,20.52,2025-02-13
1954,4519,10.26,2025-02-20
1955,4519,29.03,2025-02-20
1956,5891,21.28,2025-01-16
1957,5891,9.22,2025-01-09
1958,1065,13.78,2025-03-07
1959,1065,38.6,2025-03-02
1960,1065,17.17,2025-03-07
1961,4558,37.29,2025-01-10
1962,4558,34.45,2025-01-02
1963,4558,6.11,2025-01-03
1964,4558,46.16,2025-01-02
1965,4558,17.9,2025-01-02
1966,4933,46.71,2025-02-08
1967,3371,37.68,2025-03-09
1968,3371,16.75,2025-03-09
1969,3371,19.41,2025-03-07
1970,3311,45.41,2025-02-17
1971,3311,24.79,2025-02-15
1972,3311,15.9,2025-02-10
1973,4513,9.66,2025-01-22
1974,3029,21.92,2025-03-23
1975,3029,45.68,2025-03-29
1976,2249,28.95,2025-01-10
1977,2249,24.53,2025-01-18
1978,2249,35.11,2025-01-12
1979,2249,48.84,2025-01-11
1980,5188,6.65,2025-02-05
1981,5188,8.5,2025-01-29
1982,2530,20.2,2025-02-07
1983,2530,38.81,2025-02-02
1984,2530,35.02,2025-02-09
1985,2530,46.68,2025-02-05
1986,3043,10.72,2025-01-30
1987,3043,48.56,2025-01-21
1988,3043,29.2,2025-01-31
1989,3043,49.41,2025-01-26
1990,3043,5.3,2025-01-26
1991,3303,16.4,2025-02-01
1992,3303,45.99,2025-01-29
1993,1942,11.45,2025-03-22
1994,3158,36.14,2025-02-14
1995,3158,19.02,2025-02-11
1996,3158,2.76,2025-02-17
1997,3026,49.59,2025-02-02
1998,3026,42.85,2025-02-01
1999,3026,26.63,2025-01-30
2000,3026,45.4,2025-02-04
2001,3026,25.49,2025-01-27
2002,4515,33.16,2025-01-14
2003,4515,14.62,2025-01-18
2004,4882,3.93,2025-03-13
2005,4882,23.98,2025-03-18
2006,4882,17.97,2025-03-09
2007,4882,8.26,2025-03-08
2008,1844,37.25,2025-03-17
2009,1844,16.52,2025-03-17
2010,1844,45.41,2025-03-20
2011,1844,20.63,2025-03-23
2012,1844,14.96,2025-03-27
2013,2484,19.6,2025-01-15
2014,2484,42.96,2025-01-18
2015,2484,21.54,2025-01-16
2016,2484,8.34,2025-01-15
2017,2545,28.5,2025-03-03
2018,2545,15.51,2025-03-06
2019,2545,45.83,2025-02-28
2020,5843,45.83,2025-02-13
2021,2218,3.09,2025-02-09
2022,2218,40.69,2025-02-10
2023,2218,13.65,2025-02-09
2024,2218,19.91,2025-02-10
2025,2218,29.44,2025-02-10
2026,2879,43.45,2025-02-06
2027,2879,36.7,2025-02-05
2028,1986,5.37,2025-03-10
2029,1986,32.04,2025-03-10
2030,1986,32.28,2025-03-08
2031,2083,7.07,2025-01-14
2032,2083,4.69,2025-01-05
2033,2083,11.57,2025-01-06
2034,4287,6.39,2025-01-06
2035,1314,22.77,2025-01-27
2036,3243,4.39,2025-02-17
2037,3243,20.56,2025-02-15
2038,2574,24.84,2025-03-21
2039,2574,35.99,2025-03-21
2040,2574,31.05,2025-03-25
2041,2574,24.51,2025-03-20
2042,2574,30.4,2025-03-28
2043,2197,10.87,2025-02-10
2044,4492,10.43,2025-02-21
2045,1144,8.9,2025-03-10
2046,1144,29.61,2025-03-14
2047,2635,35.73,2025-02-19
2048,2635,11.02,2025-02-19
2049,1744,9.79,2025-01-14
2050,1744,42.12,2025-01-21
2051,1744,30.86,2025-01-15
2052,4115,15.69,2025-02-10
2053,4115,14.04,2025-02-06
2054,4115,37.29,2025-02-05
2055,4115,2.33,2025-02-08
2056,4115,14.07,2025-02-10
2057,4336,4.95,2025-03-11
2058,4336,18.51,2025-03-17
2059,3510,38.26,2025-03-27
2060,2895,34.34,2025-02-17
2061,2895,2.57,2025-02-23
2062,2895,6.23,2025-02-26
2063,2895,39.02,2025-02-25
2064,2816,34.54,2025-03-31
2065,2816,29.31,2025-03-23
2066,3753,19.18,2025-02-06
2067,3753,19.77,2025-02-06
2068,3753,38.63,2025-02-03
2069,4490,49.95,2025-03-14
2070,4490,12.94,2025-03-09
2071,4490,4.04,2025-03-08
2072,4925,24.31,2025-01-19
2073,4925,17.56,2025-01-20
2074,4925,24.24,2025-01-19
2075,1502,9.32,2025-03-14
2076,1502,22.13,2025-03-13
2077,1502,43.91,2025-03-07
2078,1502,20.3,2025-03-12
2079,5176,19.54,2025-01-11
2080,5176,39.98,2025-01-11
2081,1423,30.45,2025-02-16
2082,1423,12.41,2025-02-16
2083,3492,24.66,2025-03-05
2084,3205,11.48,2025-01-25
2085,3205,20.82,2025-01-27
2086,3205,41.82,2025-01-24
2087,3298,12.92,2025-02-03
2088,3298,31.12,2025-02-06
2089,3298,22.77,2025-02-06
2090,3298,25.38,2025-02-01
2091,3298,4.86,2025-02-09
2092,3875,47.73,2025-02-12
2093,4424,15.88,2025-02-13
2094,4424,26.89,2025-02-07
2095,4424,40.56,2025-02-11
2096,4424,25.53,2025-02-10
2097,3023,9.6,2025-01-16
2098,3023,16.9,2025-01-16
2099,3023,22.58,2025-01-15
2100,3620,8.2,2025-01-29
2101,1389,36.78,2025-01-24
2102,1389,19.73,2025-01-21
2103,1389,5.02,2025-01-26
2104,2488,22.01,2025-01-08
2105,2488,47.33,2025-01-06
2106,2488,45.68,2025-01-06
2107,2488,32.42,2025-01-08
2108,1334,28.63,2025-01-21
2109,1334,40.09,2025-01-26
2110,1334,45.28,2025-01-20
2111,1334,39.51,2025-01-22
2112,1004,35.98,2025-02-01
2113,1004,13.37,2025-02-07
2114,1004,25.44,2025-02-01
2115,1004,44.74,2025-02-05
2116,1004,26.52,2025-02-03
2117,1427,38.0,2025-01-10
2118,3634,5.89,2025-01-27
2119,3634,24.2,2025-01-29
2120,3634,5.2,2025-01-26
2121,3634,39.31,2025-01-28
2122,3634,36.16,2025-01-26
2123,2736,24.73,2025-01-05
2124,2736,32.38,2025-01-08
2125,2736,19.09,2025-01-10
2126,3337,28.96,2025-01-30
2127,3337,47.91,2025-01-27
2128,3337,49.28,2025-01-30
2129,3337,44.38,2025-02-01
2130,3337,41.55,2025-01-26
2131,4867,31.03,2025-01-17
2132,4867,37.19,2025-01-12
2133,3295,40.33,2025-01-16
2134,3295,13.9,2025-01-12
2135,5968,35.62,2025-02-03
2136,5968,16.3,2025-01-28
2137,5968,8.9,2025-01-31
2138,5968,3.37,2025-01-28
2139,3066,19.68,2025-02-28
2140,3066,23.43,2025-03-01
2141,3066,28.64,2025-03-05
2142,3066,23.31,2025-03-08
2143,5024,46.96,2025-01-22
2144,5024,15.24,2025-01-28
2145,5024,23.75,2025-01-30
2146,3738,8.16,2025-01-30
2147,3738,7.94,2025-01-21
2148,3493,24.89,2025-03-26
2149,3493,17.12,2025-03-20
2150,3493,28.4,2025-03-24
2151,1913,17.54,2025-02-09
2152,1913,17.67,2025-02-01
2153,1913,32.88,2025-01-30
2154,1913,29.14,2025-02-04
2155,5520,44.39,2025-02-11
2156,5520,36.68,2025-02-11
2157,5520,25.83,2025-02-13
2158,5520,8.71,2025-02-12
2159,5520,27.08,2025-02-12
2160,2067,38.21,2025-03-05
2161,2067,18.22,2025-03-09
2162,3953,38.03,2025-01-24
2163,3953,21.22,2025-01-26
2164,3953,27.17,2025-01-19
2165,3953,39.9,2025-01-29
2166,3960,41.49,2025-03-11
2167,3960,23.52,2025-03-06
2168,5824,12.91,2025-02-09
2169,5332,34.8,2025-01-25
2170,5953,32.85,2025-03-07
2171,4044,4.02,2025-01-25
2172,4044,38.4,2025-01-21
2173,2951,26.02,2025-01-20
2174,2951,20.59,2025-01-23
2175,3260,26.48,2025-02-02
2176,3260,25.62,2025-02-06
2177,3260,36.3,2025-02-12
2178,3260,28.39,2025-02-08
2179,2720,30.29,2025-02-26
2180,5786,29.96,2025-02-09
2181,5786,18.76,2025-02-06
2182,4146,44.31,2025-01-26
2183,1714,21.05,2025-02-27
2184,1714,27.73,2025-02-27
2185,1714,37.71,2025-03-07
2186,1714,14.74,2025-03-01
2187,1714,26.51,2025-03-02
2188,1871,38.19,2025-02-09
2189,1871,18.05,2025-02-10
2190,2068,20.84,2025-03-15
2191,2068,15.69,2025-03-21
2192,2068,23.38,2025-03-11
2193,1985,11.81,2025-01-21
2194,1985,3.99,2025-01-16
2195,1985,37.65,2025-01-16
2196,1985,11.6,2025-01-18
2197,1985,37.3,2025-01-24
2198,1336,12.28,2025-01-19
2199,1336,41.25,2025-01-18
2200,1336,24.25,2025-01-14
2201,5805,44.72,2025-02-19
2202,5805,12.4,2025-02-14
2203,2560,2.58,2025-01-12
2204,2580,11.89,2025-01-11
2205,2580,36.55,2025-01-12
2206,4651,30.88,2025-02-04
2207,4651,46.19,2025-01-31
2208,4651,28.91,2025-02-05
2209,4651,40.15,2025-02-02
2210,1808,31.58,2025-03-16
2211,1808,42.92,2025-03-15
2212,1613,43.13,2025-02-19
2213,1613,46.64,2025-02-23
2214,1613,23.35,2025-02-23
2215,1613,48.13,2025-02-28
2216,1613,4.56,2025-02-20
2217,5477,11.15,2025-03-07
2218,5477,37.6,2025-03-03
2219,3809,15.43,2025-03-19
2220,3809,3.06,2025-03-28
2221,3809,45.12,2025-03-18
2222,3469,14.6,2025-03-03
2223,3469,7.77,2025-03-04
2224,3469,37.71,2025-03-11
2225,4884,10.37,2025-03-28
2226,2654,36.78,2025-01-11
2227,5370,35.35,2025-03-12
2228,5370,14.95,2025-03-07
2229,5370,25.02,2025-03-12
2230,5370,12.33,2025-03-05
2231,2258,20.11,2025-01-13
2232,2258,25.87,2025-01-03
2233,2258,21.79,2025-01-10
2234,2258,29.67,2025-01-03
2235,1358,5.01,2025-03-29
2236,2570,36.5,2025-02-10
2237,2570,40.48,2025-02-09
2238,2570,34.21,2025-02-06
2239,4425,35.09,2025-01-13
2240,4425,49.79,2025-01-10
2241,5509,42.09,2025-03-31
2242,3068,47.69,2025-01-27
2243,3068,40.0,2025-01-26
2244,3068,15.74,2025-01-19
2245,3068,30.7,2025-01-20
2246,5590,28.13,2025-03-03
2247,5590,33.6,2025-03-01
2248,5590,36.85,2025-03-01
2249,5590,8.98,2025-03-04
2250,3845,10.34,2025-03-26
2251,3845,19.85,2025-03-26
2252,3845,38.82,2025-03-25
2253,3998,38.07,2025-01-11
2254,3998,34.42,2025-01-08
2255,4673,48.14,2025-03-09
2256,4673,30.89,2025-03-05
2257,4673,17.96,2025-03-06
2258,4673,32.97,2025-03-09
2259,4572,43.36,2025-01-17
2260,4572,44.7,2025-01-11
2261,4572,26.29,2025-01-14
2262,4572,8.95,2025-01-19
2263,1554,32.36,2025-03-20
2264,1554,42.84,2025-03-14
2265,1554,8.69,2025-03-21
2266,4955,5.91,2025-01-09
2267,4955,44.26,2025-01-09
